sent.seconds;sent.microseconds;received.seconds;received.microseconds;sampleTimeStamp.seconds;sampleTimeStamp.microseconds;latitude;longitude;
1663764428;904482;1663764428;904512;1663764428;904455;57.71862122;11.958610279;
1663764428;954476;1663764428;954505;1663764428;954448;57.718620204;11.958608883;
1663764429;4697;1663764429;4727;1663764429;4670;57.718619231;11.958607452;
1663764429;54565;1663764429;54595;1663764429;54531;57.718618306;11.958606061;
1663764429;104411;1663764429;104441;1663764429;104385;57.718617419;11.958604633;
1663764429;154448;1663764429;154477;1663764429;154420;57.718616568;11.958603171;
1663764429;204452;1663764429;204482;1663764429;204426;57.71861575;11.95860168;
1663764429;254514;1663764429;254543;1663764429;254487;57.718614962;11.958600162;
1663764429;304471;1663764429;304501;1663764429;304444;57.718614205;11.958598621;
1663764429;354456;1663764429;354486;1663764429;354428;57.718613477;11.958597059;
1663764429;404523;1663764429;404553;1663764429;404496;57.718612781;11.958595477;
1663764429;454504;1663764429;454535;1663764429;454472;57.718612113;11.958593879;
1663764429;504462;1663764429;504491;1663764429;504436;57.718611474;11.958592264;
1663764429;554443;1663764429;554473;1663764429;554417;57.718610865;11.95859063;
1663764429;604511;1663764429;604541;1663764429;604483;57.718610289;11.958588976;
1663764429;654516;1663764429;654545;1663764429;654489;57.718609743;11.958587307;
1663764429;704487;1663764429;704517;1663764429;704461;57.71860923;11.958585624;
1663764429;754527;1663764429;754557;1663764429;754500;57.718608752;11.958583928;
1663764429;804462;1663764429;804492;1663764429;804435;57.718608306;11.95858222;
1663764429;854499;1663764429;854529;1663764429;854472;57.718607888;11.958580506;
1663764429;904462;1663764429;904492;1663764429;904434;57.718607494;11.958578789;
1663764429;954470;1663764429;954501;1663764429;954444;57.718607126;11.958577071;
1663764430;4608;1663764430;4637;1663764430;4582;57.718606786;11.958575356;
1663764430;54512;1663764430;54544;1663764430;54484;57.718606469;11.958573728;
1663764430;104459;1663764430;104490;1663764430;104431;57.718606183;11.958572097;
1663764430;154539;1663764430;154569;1663764430;154511;57.718605927;11.95857047;
1663764430;204484;1663764430;204514;1663764430;204457;57.7186057;11.958568845;
1663764430;254555;1663764430;254586;1663764430;254529;57.718605501;11.958567222;
1663764430;304482;1663764430;304512;1663764430;304456;57.718605328;11.958565602;
1663764430;354494;1663764430;354525;1663764430;354467;57.718605179;11.958563988;
1663764430;404528;1663764430;404558;1663764430;404494;57.718605054;11.95856238;
1663764430;454547;1663764430;454578;1663764430;454514;57.718604953;11.95856078;
1663764430;504445;1663764430;504475;1663764430;504419;57.718604878;11.958559189;
1663764430;554436;1663764430;554466;1663764430;554409;57.718604828;11.958557609;
1663764430;604468;1663764430;604499;1663764430;604441;57.718604803;11.958556044;
1663764430;654554;1663764430;654584;1663764430;654527;57.718604803;11.958554494;
1663764430;704448;1663764430;704478;1663764430;704421;57.718604827;11.958552963;
1663764430;754514;1663764430;754545;1663764430;754487;57.718604873;11.958551449;
1663764430;804477;1663764430;804508;1663764430;804451;57.718604939;11.958549955;
1663764430;854536;1663764430;854566;1663764430;854510;57.718605024;11.958548481;
1663764430;904506;1663764430;904536;1663764430;904479;57.718605128;11.958547031;
1663764430;954502;1663764430;954532;1663764430;954476;57.718605252;11.958545606;
1663764431;4694;1663764431;4724;1663764431;4668;57.718605369;11.958544242;
1663764431;54388;1663764431;54418;1663764431;54362;57.718605322;11.958543263;
1663764431;104503;1663764431;104533;1663764431;104476;57.718605284;11.958542304;
1663764431;154459;1663764431;154490;1663764431;154434;57.718605253;11.958541363;
1663764431;204468;1663764431;204499;1663764431;204441;57.718605229;11.958540437;
1663764431;254525;1663764431;254555;1663764431;254499;57.718605209;11.958539527;
1663764431;304502;1663764431;304533;1663764431;304475;57.718605193;11.958538633;
1663764431;354463;1663764431;354493;1663764431;354436;57.71860518;11.958537756;
1663764431;404524;1663764431;404554;1663764431;404492;57.71860517;11.958536899;
1663764431;454524;1663764431;454554;1663764431;454497;57.718605162;11.958536061;
1663764431;504489;1663764431;504519;1663764431;504463;57.718605158;11.958535243;
1663764431;554472;1663764431;554500;1663764431;554446;57.718605159;11.958534447;
1663764431;604583;1663764431;604614;1663764431;604556;57.718605163;11.95853367;
1663764431;654485;1663764431;654515;1663764431;654458;57.718605172;11.958532913;
1663764431;704482;1663764431;704513;1663764431;704455;57.718605184;11.958532177;
1663764431;754492;1663764431;754523;1663764431;754463;57.7186052;11.958531462;
1663764431;804538;1663764431;804568;1663764431;804512;57.718605218;11.958530767;
1663764431;854478;1663764431;854506;1663764431;854453;57.718605239;11.958530095;
1663764431;904486;1663764431;904516;1663764431;904453;57.718605261;11.958529442;
1663764431;954493;1663764431;954523;1663764431;954467;57.718605283;11.95852881;
1663764432;4712;1663764432;4742;1663764432;4686;57.718605298;11.958528165;
1663764432;54549;1663764432;54579;1663764432;54521;57.718605288;11.95852725;
1663764432;104580;1663764432;104610;1663764432;104553;57.718605278;11.958526361;
1663764432;154489;1663764432;154519;1663764432;154463;57.718605265;11.958525494;
1663764432;204537;1663764432;204567;1663764432;204504;57.718605248;11.958524648;
1663764432;254646;1663764432;254676;1663764432;254619;57.718605225;11.958523821;
1663764432;304516;1663764432;304546;1663764432;304489;57.718605196;11.958523014;
1663764432;354475;1663764432;354505;1663764432;354448;57.718605162;11.958522225;
1663764432;404452;1663764432;404482;1663764432;404425;57.718605121;11.958521454;
1663764432;454488;1663764432;454518;1663764432;454461;57.718605073;11.958520699;
1663764432;504473;1663764432;504503;1663764432;504444;57.718605018;11.958519962;
1663764432;554482;1663764432;554512;1663764432;554455;57.718604956;11.958519243;
1663764432;604471;1663764432;604501;1663764432;604445;57.718604887;11.958518542;
1663764432;654496;1663764432;654526;1663764432;654469;57.718604811;11.958517857;
1663764432;704486;1663764432;704516;1663764432;704459;57.718604728;11.958517188;
1663764432;754542;1663764432;754573;1663764432;754514;57.718604637;11.958516537;
1663764432;804506;1663764432;804537;1663764432;804479;57.718604538;11.958515904;
1663764432;854537;1663764432;854566;1663764432;854510;57.718604433;11.958515289;
1663764432;904520;1663764432;904550;1663764432;904493;57.71860432;11.958514693;
1663764432;954507;1663764432;954537;1663764432;954479;57.718604201;11.958514117;
1663764433;4744;1663764433;4774;1663764433;4719;57.718604087;11.958513539;
1663764433;54543;1663764433;54573;1663764433;54516;57.71860408;11.958512793;
1663764433;104494;1663764433;104525;1663764433;104467;57.718604066;11.958512076;
1663764433;154499;1663764433;154529;1663764433;154473;57.718604044;11.958511396;
1663764433;204481;1663764433;204511;1663764433;204455;57.718604016;11.958510755;
1663764433;254519;1663764433;254550;1663764433;254492;57.71860398;11.958510156;
1663764433;304506;1663764433;304535;1663764433;304478;57.718603936;11.958509603;
1663764433;354499;1663764433;354530;1663764433;354471;57.718603885;11.958509098;
1663764433;404547;1663764433;404577;1663764433;404521;57.718603825;11.958508641;
1663764433;454559;1663764433;454591;1663764433;454529;57.718603758;11.958508235;
1663764433;504545;1663764433;504575;1663764433;504517;57.718603681;11.95850788;
1663764433;554467;1663764433;554497;1663764433;554440;57.718603597;11.958507578;
1663764433;604564;1663764433;604595;1663764433;604537;57.718603503;11.958507328;
1663764433;654489;1663764433;654519;1663764433;654461;57.718603401;11.958507131;
1663764433;704497;1663764433;704527;1663764433;704469;57.718603289;11.958506986;
1663764433;754514;1663764433;754545;1663764433;754484;57.718603168;11.958506896;
1663764433;804570;1663764433;804600;1663764433;804543;57.718603037;11.958506858;
1663764433;854480;1663764433;854511;1663764433;854455;57.718602897;11.958506876;
1663764433;904481;1663764433;904510;1663764433;904454;57.718602747;11.958506949;
1663764433;954470;1663764433;954500;1663764433;954443;57.718602588;11.95850708;
1663764434;4683;1663764434;4714;1663764434;4651;57.718602437;11.95850728;
1663764434;54540;1663764434;54572;1663764434;54510;57.718602424;11.958507583;
1663764434;104532;1663764434;104562;1663764434;104502;57.718602408;11.958507912;
1663764434;154562;1663764434;154592;1663764434;154535;57.718602393;11.958508228;
1663764434;204491;1663764434;204520;1663764434;204465;57.718602384;11.958508513;
1663764434;254548;1663764434;254576;1663764434;254523;57.718602381;11.958508759;
1663764434;304511;1663764434;304541;1663764434;304483;57.718602382;11.958508979;
1663764434;354533;1663764434;354563;1663764434;354506;57.718602384;11.958509193;
1663764434;404527;1663764434;404555;1663764434;404501;57.718602385;11.958509416;
1663764434;454561;1663764434;454590;1663764434;454535;57.718602382;11.958509657;
1663764434;504528;1663764434;504559;1663764434;504500;57.718602376;11.958509912;
1663764434;554497;1663764434;554527;1663764434;554470;57.718602369;11.958510173;
1663764434;604516;1663764434;604546;1663764434;604488;57.718602363;11.95851043;
1663764434;654569;1663764434;654597;1663764434;654543;57.718602358;11.958510677;
1663764434;704537;1663764434;704567;1663764434;704508;57.718602354;11.958510918;
1663764434;754509;1663764434;754539;1663764434;754483;57.71860235;11.958511159;
1663764434;804572;1663764434;804602;1663764434;804539;57.718602346;11.958511403;
1663764434;854549;1663764434;854579;1663764434;854523;57.718602342;11.958511652;
1663764434;904478;1663764434;904505;1663764434;904452;57.718602337;11.958511901;
1663764434;954500;1663764434;954530;1663764434;954473;57.718602332;11.958512147;
1663764435;4732;1663764435;4762;1663764435;4706;57.718602331;11.958512386;
1663764435;54621;1663764435;54653;1663764435;54592;57.718602347;11.958512574;
1663764435;104531;1663764435;104563;1663764435;104500;57.718602364;11.958512763;
1663764435;154510;1663764435;154539;1663764435;154483;57.71860238;11.958512953;
1663764435;204517;1663764435;204546;1663764435;204490;57.718602396;11.958513144;
1663764435;254563;1663764435;254593;1663764435;254536;57.718602412;11.958513333;
1663764435;304549;1663764435;304579;1663764435;304522;57.718602429;11.958513523;
1663764435;354694;1663764435;354724;1663764435;354668;57.718602445;11.958513712;
1663764435;404531;1663764435;404561;1663764435;404505;57.718602462;11.958513902;
1663764435;454544;1663764435;454573;1663764435;454517;57.718602478;11.958514091;
1663764435;504511;1663764435;504541;1663764435;504485;57.718602494;11.958514279;
1663764435;554581;1663764435;554611;1663764435;554554;57.71860251;11.958514466;
1663764435;604504;1663764435;604533;1663764435;604478;57.718602527;11.958514654;
1663764435;654483;1663764435;654513;1663764435;654454;57.718602542;11.958514843;
1663764435;704544;1663764435;704574;1663764435;704512;57.718602558;11.958515032;
1663764435;754641;1663764435;754672;1663764435;754613;57.718602574;11.95851522;
1663764435;804595;1663764435;804625;1663764435;804562;57.71860259;11.958515409;
1663764435;854514;1663764435;854543;1663764435;854486;57.718602606;11.958515598;
1663764435;904543;1663764435;904573;1663764435;904516;57.718602622;11.958515786;
1663764435;954618;1663764435;954648;1663764435;954591;57.718602638;11.958515972;
1663764436;4767;1663764436;4797;1663764436;4739;57.718602655;11.958516154;
1663764436;54620;1663764436;54650;1663764436;54592;57.718602667;11.958516289;
1663764436;104551;1663764436;104584;1663764436;104521;57.718602679;11.958516423;
1663764436;154553;1663764436;154585;1663764436;154516;57.718602691;11.958516557;
1663764436;204522;1663764436;204551;1663764436;204496;57.718602703;11.958516692;
1663764436;254629;1663764436;254659;1663764436;254595;57.718602715;11.958516826;
1663764436;304579;1663764436;304609;1663764436;304552;57.718602728;11.958516961;
1663764436;354512;1663764436;354539;1663764436;354487;57.71860274;11.958517095;
1663764436;404516;1663764436;404546;1663764436;404490;57.718602752;11.958517228;
1663764436;454523;1663764436;454552;1663764436;454495;57.718602765;11.95851736;
1663764436;504536;1663764436;504567;1663764436;504510;57.718602777;11.958517492;
1663764436;554530;1663764436;554560;1663764436;554501;57.71860279;11.958517623;
1663764436;604500;1663764436;604530;1663764436;604475;57.718602802;11.958517753;
1663764436;654532;1663764436;654562;1663764436;654500;57.718602815;11.958517884;
1663764436;704508;1663764436;704538;1663764436;704482;57.718602828;11.958518015;
1663764436;754512;1663764436;754542;1663764436;754484;57.71860284;11.958518145;
1663764436;804534;1663764436;804564;1663764436;804508;57.718602853;11.958518274;
1663764436;854512;1663764436;854542;1663764436;854485;57.718602867;11.958518402;
1663764436;904552;1663764436;904582;1663764436;904519;57.71860288;11.95851853;
1663764436;954569;1663764436;954599;1663764436;954542;57.718602893;11.958518657;
1663764437;4754;1663764437;4784;1663764437;4728;57.718602906;11.95851878;
1663764437;54690;1663764437;54720;1663764437;54664;57.718602914;11.958518856;
1663764437;104517;1663764437;104546;1663764437;104491;57.718602923;11.958518931;
1663764437;154555;1663764437;154588;1663764437;154523;57.718602932;11.958519004;
1663764437;204555;1663764437;204587;1663764437;204525;57.718602941;11.958519075;
1663764437;254601;1663764437;254629;1663764437;254575;57.718602952;11.95851914;
1663764437;304530;1663764437;304559;1663764437;304503;57.718602964;11.958519194;
1663764437;354546;1663764437;354574;1663764437;354521;57.718602979;11.958519231;
1663764437;404612;1663764437;404641;1663764437;404585;57.718602998;11.958519245;
1663764437;454535;1663764437;454565;1663764437;454508;57.718603023;11.95851923;
1663764437;504546;1663764437;504576;1663764437;504519;57.718603053;11.958519175;
1663764437;554529;1663764437;554559;1663764437;554501;57.718603092;11.958519071;
1663764437;604533;1663764437;604563;1663764437;604507;57.71860314;11.958518913;
1663764437;654526;1663764437;654556;1663764437;654500;57.718603198;11.958518699;
1663764437;704518;1663764437;704548;1663764437;704492;57.718603265;11.958518429;
1663764437;754544;1663764437;754574;1663764437;754518;57.718603344;11.958518091;
1663764437;804566;1663764437;804596;1663764437;804534;57.718603437;11.958517667;
1663764437;854557;1663764437;854587;1663764437;854531;57.718603548;11.958517136;
1663764437;904535;1663764437;904564;1663764437;904509;57.718603681;11.95851648;
1663764437;954556;1663764437;954586;1663764437;954522;57.718603837;11.95851569;
1663764438;4770;1663764438;4800;1663764438;4738;57.718604017;11.95851476;
1663764438;54601;1663764438;54631;1663764438;54574;57.718604222;11.958513651;
1663764438;104521;1663764438;104551;1663764438;104494;57.718604452;11.958512396;
1663764438;154547;1663764438;154577;1663764438;154520;57.718604708;11.958510992;
1663764438;204549;1663764438;204579;1663764438;204524;57.71860499;11.958509441;
1663764438;254635;1663764438;254662;1663764438;254609;57.718605296;11.958507745;
1663764438;304548;1663764438;304578;1663764438;304522;57.718605624;11.958505907;
1663764438;354532;1663764438;354562;1663764438;354506;57.718605977;11.958503929;
1663764438;404518;1663764438;404548;1663764438;404491;57.718606351;11.958501811;
1663764438;454588;1663764438;454618;1663764438;454561;57.718606748;11.958499556;
1663764438;504600;1663764438;504630;1663764438;504573;57.718607167;11.958497163;
1663764438;554592;1663764438;554622;1663764438;554564;57.718607611;11.958494638;
1663764438;604535;1663764438;604565;1663764438;604508;57.718608078;11.958491978;
1663764438;654521;1663764438;654548;1663764438;654496;57.718608567;11.958489187;
1663764438;704537;1663764438;704567;1663764438;704511;57.718609078;11.958486264;
1663764438;754549;1663764438;754579;1663764438;754522;57.718609615;11.958483207;
1663764438;804592;1663764438;804622;1663764438;804564;57.718610175;11.958480016;
1663764438;854550;1663764438;854580;1663764438;854523;57.71861076;11.958476689;
1663764438;904563;1663764438;904593;1663764438;904536;57.718611368;11.958473225;
1663764438;954578;1663764438;954609;1663764438;954545;57.718611997;11.958469626;
1663764439;4788;1663764439;4818;1663764439;4761;57.718612646;11.958465891;
1663764439;54696;1663764439;54726;1663764439;54668;57.718613317;11.958462008;
1663764439;104573;1663764439;104604;1663764439;104545;57.718614009;11.958457994;
1663764439;154554;1663764439;154585;1663764439;154526;57.718614724;11.958453851;
1663764439;204590;1663764439;204620;1663764439;204562;57.718615461;11.95844958;
1663764439;254582;1663764439;254611;1663764439;254555;57.718616219;11.958445184;
1663764439;304547;1663764439;304577;1663764439;304521;57.718617002;11.958440664;
1663764439;354545;1663764439;354575;1663764439;354518;57.718617809;11.958436018;
1663764439;404532;1663764439;404563;1663764439;404506;57.718618639;11.958431242;
1663764439;454530;1663764439;454560;1663764439;454504;57.718619492;11.958426334;
1663764439;504555;1663764439;504586;1663764439;504529;57.71862037;11.958421293;
1663764439;554537;1663764439;554565;1663764439;554511;57.718621273;11.958416119;
1663764439;604653;1663764439;604683;1663764439;604626;57.7186222;11.958410811;
1663764439;654534;1663764439;654565;1663764439;654505;57.718623151;11.958405373;
1663764439;704582;1663764439;704613;1663764439;704554;57.718624128;11.958399809;
1663764439;754650;1663764439;754681;1663764439;754622;57.718625128;11.958394122;
1663764439;804660;1663764439;804690;1663764439;804633;57.718626148;11.958388318;
1663764439;854550;1663764439;854580;1663764439;854524;57.718627193;11.958382402;
1663764439;904539;1663764439;904569;1663764439;904512;57.718628258;11.958376379;
1663764439;954558;1663764439;954587;1663764439;954531;57.718629344;11.958370257;
1663764440;4746;1663764440;4776;1663764440;4720;57.718630444;11.958364047;
1663764440;54626;1663764440;54655;1663764440;54599;57.718631564;11.95835773;
1663764440;104551;1663764440;104582;1663764440;104525;57.718632701;11.958351322;
1663764440;154579;1663764440;154609;1663764440;154550;57.718633862;11.958344818;
1663764440;204602;1663764440;204632;1663764440;204575;57.718635039;11.958338218;
1663764440;254682;1663764440;254711;1663764440;254654;57.718636238;11.958331518;
1663764440;304640;1663764440;304669;1663764440;304607;57.718637456;11.958324718;
1663764440;354614;1663764440;354644;1663764440;354587;57.71863869;11.958317822;
1663764440;404602;1663764440;404632;1663764440;404574;57.718639943;11.95831083;
1663764440;454587;1663764440;454617;1663764440;454558;57.718641215;11.958303737;
1663764440;504659;1663764440;504689;1663764440;504630;57.71864251;11.958296539;
1663764440;554612;1663764440;554642;1663764440;554586;57.718643827;11.958289227;
1663764440;604568;1663764440;604598;1663764440;604541;57.718645163;11.958281796;
1663764440;654579;1663764440;654609;1663764440;654552;57.718646521;11.958274249;
1663764440;704562;1663764440;704592;1663764440;704536;57.7186479;11.958266588;
1663764440;754569;1663764440;754599;1663764440;754542;57.718649301;11.958258818;
1663764440;804624;1663764440;804654;1663764440;804597;57.718650721;11.958250933;
1663764440;854559;1663764440;854589;1663764440;854533;57.718652157;11.958242925;
1663764440;904604;1663764440;904633;1663764440;904576;57.718653617;11.958234792;
1663764440;954612;1663764440;954642;1663764440;954583;57.718655099;11.958226531;
1663764441;4734;1663764441;4762;1663764441;4708;57.718656605;11.958218142;
1663764441;54795;1663764441;54825;1663764441;54768;57.718658123;11.958209601;
1663764441;104637;1663764441;104668;1663764441;104610;57.718659663;11.958200933;
1663764441;154613;1663764441;154643;1663764441;154586;57.718661227;11.958192136;
1663764441;204547;1663764441;204577;1663764441;204521;57.718662817;11.958183217;
1663764441;254665;1663764441;254695;1663764441;254637;57.718664427;11.958174178;
1663764441;304568;1663764441;304598;1663764441;304541;57.718666055;11.958165026;
1663764441;354611;1663764441;354640;1663764441;354584;57.718667704;11.958155762;
1663764441;404659;1663764441;404688;1663764441;404632;57.718669375;11.95814639;
1663764441;454566;1663764441;454596;1663764441;454540;57.718671068;11.958136907;
1663764441;504592;1663764441;504622;1663764441;504564;57.71867278;11.958127313;
1663764441;554547;1663764441;554578;1663764441;554518;57.718674513;11.958117604;
1663764441;604537;1663764441;604567;1663764441;604509;57.718676268;11.958107783;
1663764441;654583;1663764441;654613;1663764441;654557;57.718678043;11.958097852;
1663764441;704567;1663764441;704597;1663764441;704540;57.718679839;11.958087812;
1663764441;754635;1663764441;754665;1663764441;754609;57.718681655;11.95807766;
1663764441;804621;1663764441;804651;1663764441;804589;57.718683494;11.958067392;
1663764441;854610;1663764441;854640;1663764441;854582;57.718685355;11.958057009;
1663764441;904600;1663764441;904630;1663764441;904573;57.718687237;11.958046511;
1663764441;954596;1663764441;954626;1663764441;954569;57.718689139;11.958035898;
1663764442;4790;1663764442;4820;1663764442;4764;57.71869106;11.95802517;
1663764442;54667;1663764442;54697;1663764442;54641;57.718693001;11.958014318;
1663764442;104575;1663764442;104604;1663764442;104547;57.718694962;11.958003349;
1663764442;154684;1663764442;154714;1663764442;154657;57.718696943;11.957992266;
1663764442;204642;1663764442;204673;1663764442;204615;57.718698942;11.957981075;
1663764442;254683;1663764442;254713;1663764442;254657;57.71870096;11.957969773;
1663764442;304620;1663764442;304649;1663764442;304593;57.718702995;11.957958365;
1663764442;354620;1663764442;354649;1663764442;354594;57.718705045;11.95794685;
1663764442;404643;1663764442;404673;1663764442;404615;57.718707111;11.957935236;
1663764442;454668;1663764442;454698;1663764442;454641;57.718709193;11.957923533;
1663764442;504630;1663764442;504660;1663764442;504602;57.718711287;11.95791175;
1663764442;554594;1663764442;554623;1663764442;554567;57.718713391;11.95789989;
1663764442;604551;1663764442;604581;1663764442;604525;57.718715506;11.957887954;
1663764442;654694;1663764442;654724;1663764442;654667;57.718717631;11.957875947;
1663764442;704619;1663764442;704650;1663764442;704592;57.718719767;11.957863866;
1663764442;754604;1663764442;754634;1663764442;754576;57.718721917;11.957851713;
1663764442;804614;1663764442;804644;1663764442;804588;57.718724074;11.957839501;
1663764442;854667;1663764442;854698;1663764442;854639;57.71872624;11.957827236;
1663764442;904640;1663764442;904669;1663764442;904614;57.718728413;11.957814935;
1663764442;954673;1663764442;954704;1663764442;954646;57.718730595;11.957802588;
1663764443;4834;1663764443;4864;1663764443;4808;57.718732783;11.957790202;
1663764443;54798;1663764443;54828;1663764443;54771;57.718734987;11.957777777;
1663764443;104635;1663764443;104665;1663764443;104608;57.718737199;11.957765303;
1663764443;154592;1663764443;154623;1663764443;154566;57.718739422;11.957752773;
1663764443;204587;1663764443;204617;1663764443;204560;57.718741652;11.957740201;
1663764443;254628;1663764443;254659;1663764443;254601;57.718743887;11.957727606;
1663764443;304596;1663764443;304626;1663764443;304570;57.718746126;11.957714994;
1663764443;354666;1663764443;354696;1663764443;354631;57.718748368;11.957702361;
1663764443;404617;1663764443;404647;1663764443;404589;57.718750614;11.957689707;
1663764443;454644;1663764443;454674;1663764443;454617;57.718752866;11.957677028;
1663764443;504630;1663764443;504661;1663764443;504602;57.718755122;11.957664326;
1663764443;554652;1663764443;554682;1663764443;554625;57.718757382;11.957651606;
1663764443;604674;1663764443;604705;1663764443;604647;57.718759646;11.957638868;
1663764443;654639;1663764443;654669;1663764443;654612;57.718761915;11.957626108;
1663764443;704575;1663764443;704605;1663764443;704548;57.71876419;11.957613326;
1663764443;754642;1663764443;754672;1663764443;754615;57.718766468;11.957600527;
1663764443;804690;1663764443;804721;1663764443;804665;57.71876875;11.957587711;
1663764443;854601;1663764443;854629;1663764443;854574;57.718771038;11.957574873;
1663764443;904644;1663764443;904672;1663764443;904618;57.718773332;11.957562013;
1663764443;954607;1663764443;954636;1663764443;954581;57.718775629;11.95754913;
1663764444;4776;1663764444;4803;1663764444;4751;57.718777931;11.957536226;
1663764444;54648;1663764444;54677;1663764444;54622;57.718780248;11.957523272;
1663764444;104619;1663764444;104649;1663764444;104592;57.718782567;11.957510301;
1663764444;154664;1663764444;154694;1663764444;154637;57.718784891;11.957497314;
1663764444;204639;1663764444;204666;1663764444;204613;57.718787222;11.957484308;
1663764444;254646;1663764444;254676;1663764444;254618;57.718789557;11.957471278;
1663764444;304693;1663764444;304722;1663764444;304666;57.718791895;11.957458217;
1663764444;354634;1663764444;354664;1663764444;354607;57.71879424;11.957445135;
1663764444;404658;1663764444;404688;1663764444;404631;57.718796591;11.957432028;
1663764444;454674;1663764444;454703;1663764444;454646;57.718798945;11.957418898;
1663764444;504650;1663764444;504681;1663764444;504624;57.718801303;11.957405742;
1663764444;554589;1663764444;554619;1663764444;554562;57.718803664;11.957392563;
1663764444;604592;1663764444;604621;1663764444;604566;57.718806028;11.957379363;
1663764444;654654;1663764444;654684;1663764444;654622;57.718808394;11.95736614;
1663764444;704616;1663764444;704646;1663764444;704589;57.718810761;11.9573529;
1663764444;754653;1663764444;754682;1663764444;754628;57.718813132;11.957339642;
1663764444;804674;1663764444;804703;1663764444;804646;57.718815503;11.95732637;
1663764444;854659;1663764444;854689;1663764444;854632;57.718817876;11.957313084;
1663764444;904667;1663764444;904697;1663764444;904640;57.718820251;11.957299781;
1663764444;954649;1663764444;954679;1663764444;954623;57.718822628;11.957286452;
1663764445;4853;1663764445;4880;1663764445;4828;57.718825012;11.957273094;
1663764445;54684;1663764445;54714;1663764445;54658;57.718827401;11.957259695;
1663764445;104645;1663764445;104676;1663764445;104618;57.718829795;11.957246273;
1663764445;154625;1663764445;154655;1663764445;154598;57.71883219;11.957232839;
1663764445;204667;1663764445;204697;1663764445;204634;57.718834583;11.95721941;
1663764445;254668;1663764445;254698;1663764445;254642;57.718836973;11.957205984;
1663764445;304644;1663764445;304674;1663764445;304618;57.71883936;11.957192568;
1663764445;354621;1663764445;354650;1663764445;354595;57.718841746;11.957179158;
1663764445;404698;1663764445;404728;1663764445;404672;57.718844129;11.957165757;
1663764445;454671;1663764445;454700;1663764445;454644;57.718846507;11.957152373;
1663764445;504659;1663764445;504689;1663764445;504633;57.718848878;11.957139019;
1663764445;554644;1663764445;554674;1663764445;554618;57.71885124;11.957125711;
1663764445;604657;1663764445;604687;1663764445;604630;57.718853594;11.957112456;
1663764445;654670;1663764445;654700;1663764445;654644;57.718855937;11.957099263;
1663764445;704692;1663764445;704722;1663764445;704664;57.718858268;11.957086132;
1663764445;754634;1663764445;754664;1663764445;754606;57.718860587;11.957073076;
1663764445;804635;1663764445;804665;1663764445;804608;57.718862894;11.957060101;
1663764445;854650;1663764445;854680;1663764445;854623;57.718865184;11.957047215;
1663764445;904643;1663764445;904673;1663764445;904616;57.718867458;11.957034415;
1663764445;954632;1663764445;954662;1663764445;954606;57.718869716;11.957021705;
1663764446;4884;1663764446;4915;1663764446;4857;57.718871956;11.957009085;
1663764446;54630;1663764446;54661;1663764446;54602;57.718874179;11.956996557;
1663764446;104629;1663764446;104658;1663764446;104602;57.718876384;11.956984119;
1663764446;154667;1663764446;154698;1663764446;154639;57.718878571;11.956971772;
1663764446;204717;1663764446;204746;1663764446;204684;57.718880741;11.956959518;
1663764446;254778;1663764446;254807;1663764446;254752;57.718882893;11.956947358;
1663764446;304661;1663764446;304690;1663764446;304633;57.718885026;11.956935294;
1663764446;354660;1663764446;354688;1663764446;354633;57.718887141;11.956923329;
1663764446;404693;1663764446;404723;1663764446;404661;57.718889237;11.956911468;
1663764446;454660;1663764446;454690;1663764446;454634;57.718891312;11.956899716;
1663764446;504661;1663764446;504691;1663764446;504635;57.718893366;11.956888071;
1663764446;554654;1663764446;554684;1663764446;554627;57.718895398;11.956876533;
1663764446;604606;1663764446;604635;1663764446;604580;57.718897408;11.956865106;
1663764446;654637;1663764446;654667;1663764446;654610;57.718899397;11.95685379;
1663764446;704636;1663764446;704665;1663764446;704610;57.718901364;11.956842589;
1663764446;754646;1663764446;754676;1663764446;754620;57.718903309;11.956831508;
1663764446;804676;1663764446;804706;1663764446;804650;57.718905231;11.956820549;
1663764446;854662;1663764446;854692;1663764446;854635;57.718907131;11.956809712;
1663764446;904656;1663764446;904686;1663764446;904629;57.71890901;11.956799003;
1663764446;954661;1663764446;954691;1663764446;954634;57.718910867;11.956788422;
1663764447;4855;1663764447;4885;1663764447;4822;57.718912701;11.956777972;
1663764447;54766;1663764447;54795;1663764447;54740;57.71891451;11.956767649;
1663764447;104642;1663764447;104672;1663764447;104616;57.718916297;11.956757468;
1663764447;154650;1663764447;154680;1663764447;154622;57.71891806;11.956747435;
1663764447;204672;1663764447;204700;1663764447;204646;57.718919794;11.956737546;
1663764447;254701;1663764447;254730;1663764447;254674;57.718921497;11.956727809;
1663764447;304653;1663764447;304683;1663764447;304626;57.718923176;11.95671823;
1663764447;354675;1663764447;354705;1663764447;354650;57.718924832;11.956708812;
1663764447;404658;1663764447;404688;1663764447;404631;57.718926461;11.956699553;
1663764447;454669;1663764447;454699;1663764447;454642;57.71892806;11.956690449;
1663764447;504712;1663764447;504742;1663764447;504680;57.718929631;11.956681501;
1663764447;554664;1663764447;554694;1663764447;554637;57.718931179;11.956672709;
1663764447;604748;1663764447;604779;1663764447;604721;57.718932704;11.956664066;
1663764447;654639;1663764447;654669;1663764447;654612;57.718934203;11.956655573;
1663764447;704645;1663764447;704675;1663764447;704618;57.718935675;11.956647231;
1663764447;754676;1663764447;754704;1663764447;754651;57.718937121;11.956639044;
1663764447;804730;1663764447;804760;1663764447;804702;57.718938542;11.956631012;
1663764447;854659;1663764447;854690;1663764447;854632;57.71893994;11.956623128;
1663764447;904628;1663764447;904658;1663764447;904602;57.718941312;11.956615386;
1663764447;954684;1663764447;954711;1663764447;954657;57.718942659;11.956607782;
1663764448;4868;1663764448;4898;1663764448;4841;57.718943985;11.956600322;
1663764448;54750;1663764448;54780;1663764448;54721;57.718945288;11.956593014;
1663764448;104727;1663764448;104757;1663764448;104699;57.71894657;11.956585847;
1663764448;154659;1663764448;154689;1663764448;154632;57.718947829;11.956578818;
1663764448;204708;1663764448;204737;1663764448;204682;57.718949066;11.956571925;
1663764448;254745;1663764448;254775;1663764448;254716;57.718950283;11.956565165;
1663764448;304708;1663764448;304737;1663764448;304682;57.718951483;11.956558535;
1663764448;354680;1663764448;354709;1663764448;354653;57.718952663;11.956552032;
1663764448;404648;1663764448;404679;1663764448;404622;57.718953822;11.956545654;
1663764448;454651;1663764448;454679;1663764448;454625;57.718954962;11.956539401;
1663764448;504721;1663764448;504751;1663764448;504695;57.718956086;11.956533272;
1663764448;554688;1663764448;554718;1663764448;554661;57.718957197;11.95652726;
1663764448;604693;1663764448;604722;1663764448;604666;57.718958295;11.956521361;
1663764448;654726;1663764448;654756;1663764448;654699;57.718959383;11.956515569;
1663764448;704658;1663764448;704687;1663764448;704631;57.71896046;11.956509888;
1663764448;754713;1663764448;754743;1663764448;754683;57.718961527;11.956504321;
1663764448;804715;1663764448;804745;1663764448;804687;57.718962585;11.95649887;
1663764448;854677;1663764448;854707;1663764448;854650;57.718963639;11.956493536;
1663764448;904656;1663764448;904686;1663764448;904629;57.71896469;11.956488314;
1663764448;954692;1663764448;954723;1663764448;954664;57.71896574;11.956483205;
1663764449;4842;1663764449;4871;1663764449;4815;57.718966791;11.95647821;
1663764449;54750;1663764449;54781;1663764449;54720;57.718967835;11.956473346;
1663764449;104663;1663764449;104693;1663764449;104636;57.718968881;11.956468593;
1663764449;154653;1663764449;154684;1663764449;154626;57.718969934;11.956463949;
1663764449;204676;1663764449;204706;1663764449;204649;57.718970992;11.956459418;
1663764449;254728;1663764449;254758;1663764449;254695;57.718972057;11.956454998;
1663764449;304666;1663764449;304697;1663764449;304639;57.718973128;11.956450693;
1663764449;354694;1663764449;354724;1663764449;354665;57.718974208;11.956446499;
1663764449;404727;1663764449;404756;1663764449;404699;57.718975294;11.956442418;
1663764449;454690;1663764449;454720;1663764449;454664;57.718976384;11.956438452;
1663764449;504657;1663764449;504687;1663764449;504631;57.718977482;11.956434601;
1663764449;554680;1663764449;554710;1663764449;554654;57.718978589;11.956430874;
1663764449;604695;1663764449;604725;1663764449;604668;57.718979705;11.956427265;
1663764449;654656;1663764449;654686;1663764449;654630;57.718980828;11.956423776;
1663764449;704658;1663764449;704688;1663764449;704632;57.71898196;11.956420402;
1663764449;754745;1663764449;754775;1663764449;754713;57.7189831;11.956417141;
1663764449;804680;1663764449;804710;1663764449;804653;57.718984251;11.956413983;
1663764449;854472;1663764449;854502;1663764449;854445;57.718985414;11.956410922;
1663764449;904698;1663764449;904728;1663764449;904672;57.71898659;11.95640795;
1663764449;954693;1663764449;954720;1663764449;954666;57.718987778;11.95640506;
1663764450;4899;1663764450;4929;1663764450;4872;57.718988978;11.956402257;
1663764450;54736;1663764450;54768;1663764450;54705;57.718990142;11.95639952;
1663764450;104762;1663764450;104794;1663764450;104731;57.718991318;11.956396866;
1663764450;154709;1663764450;154740;1663764450;154680;57.718992508;11.956394292;
1663764450;204665;1663764450;204695;1663764450;204639;57.71899371;11.956391801;
1663764450;254804;1663764450;254832;1663764450;254778;57.718994924;11.95638939;
1663764450;304690;1663764450;304720;1663764450;304664;57.718996148;11.956387059;
1663764450;354682;1663764450;354713;1663764450;354655;57.71899738;11.956384806;
1663764450;404658;1663764450;404688;1663764450;404632;57.718998623;11.956382628;
1663764450;454490;1663764450;454518;1663764450;454463;57.718999877;11.956380521;
1663764450;504734;1663764450;504765;1663764450;504707;57.719001147;11.956378483;
1663764450;554651;1663764450;554680;1663764450;554624;57.719002433;11.956376512;
1663764450;604772;1663764450;604802;1663764450;604739;57.719003736;11.956374607;
1663764450;654715;1663764450;654745;1663764450;654689;57.719005054;11.956372769;
1663764450;704706;1663764450;704736;1663764450;704680;57.719006387;11.956371001;
1663764450;754731;1663764450;754761;1663764450;754705;57.719007735;11.956369306;
1663764450;804707;1663764450;804738;1663764450;804674;57.719009098;11.956367685;
1663764450;854694;1663764450;854722;1663764450;854668;57.719010473;11.956366141;
